method	path	handler	file	line	section
POST	/api/event_logging/batch	inline route func	backend/internal/server/routes/common.go	17	common
GET	/health	inline route func	backend/internal/server/routes/common.go	12	common
POST	/setup/install	install	backend/internal/setup/handler.go	34	common
GET	/setup/status	inline route func	backend/internal/server/routes/common.go	23	common
GET	/setup/status	getStatus	backend/internal/setup/handler.go	26	common
POST	/setup/test-db	testDatabase	backend/internal/setup/handler.go	32	common
POST	/setup/test-redis	testRedis	backend/internal/setup/handler.go	33	common
GET	/api/v1/announcements	h.Announcement.List	backend/internal/server/routes/user.go	74	auth-user
POST	/api/v1/announcements/:id/read	h.Announcement.MarkRead	backend/internal/server/routes/user.go	75	auth-user
POST	/api/v1/auth/forgot-password	h.Auth.ForgotPassword	backend/internal/server/routes/auth.go	58	auth-user
POST	/api/v1/auth/login	h.Auth.Login	backend/internal/server/routes/auth.go	34	auth-user
POST	/api/v1/auth/login/2fa	h.Auth.Login2FA	backend/internal/server/routes/auth.go	37	auth-user
POST	/api/v1/auth/logout	h.Auth.Logout	backend/internal/server/routes/auth.go	48	auth-user
GET	/api/v1/auth/me	h.Auth.GetCurrentUser	backend/internal/server/routes/auth.go	86	auth-user
GET	/api/v1/auth/oauth/linuxdo/callback	h.Auth.LinuxDoOAuthCallback	backend/internal/server/routes/auth.go	66	auth-user
POST	/api/v1/auth/oauth/linuxdo/complete-registration		backend/internal/server/routes/auth.go	67	auth-user
GET	/api/v1/auth/oauth/linuxdo/start	h.Auth.LinuxDoOAuthStart	backend/internal/server/routes/auth.go	65	auth-user
POST	/api/v1/auth/refresh	h.Auth.RefreshToken	backend/internal/server/routes/auth.go	44	auth-user
POST	/api/v1/auth/register	h.Auth.Register	backend/internal/server/routes/auth.go	31	auth-user
POST	/api/v1/auth/reset-password	h.Auth.ResetPassword	backend/internal/server/routes/auth.go	62	auth-user
POST	/api/v1/auth/revoke-all-sessions	h.Auth.RevokeAllSessions	backend/internal/server/routes/auth.go	88	auth-user
POST	/api/v1/auth/send-verify-code	h.Auth.SendVerifyCode	backend/internal/server/routes/auth.go	40	auth-user
POST	/api/v1/auth/validate-invitation-code	h.Auth.ValidateInvitationCode	backend/internal/server/routes/auth.go	54	auth-user
POST	/api/v1/auth/validate-promo-code	h.Auth.ValidatePromoCode	backend/internal/server/routes/auth.go	50	auth-user
GET	/api/v1/groups/available	h.APIKey.GetAvailableGroups	backend/internal/server/routes/user.go	54	auth-user
GET	/api/v1/groups/rates	h.APIKey.GetUserGroupRates	backend/internal/server/routes/user.go	55	auth-user
GET	/api/v1/keys	h.APIKey.List	backend/internal/server/routes/user.go	44	auth-user
POST	/api/v1/keys	h.APIKey.Create	backend/internal/server/routes/user.go	46	auth-user
DELETE	/api/v1/keys/:id	h.APIKey.Delete	backend/internal/server/routes/user.go	48	auth-user
GET	/api/v1/keys/:id	h.APIKey.GetByID	backend/internal/server/routes/user.go	45	auth-user
PUT	/api/v1/keys/:id	h.APIKey.Update	backend/internal/server/routes/user.go	47	auth-user
POST	/api/v1/redeem	h.Redeem.Redeem	backend/internal/server/routes/user.go	81	auth-user
GET	/api/v1/redeem/history	h.Redeem.GetHistory	backend/internal/server/routes/user.go	82	auth-user
GET	/api/v1/settings/public	h.Setting.GetPublicSettings	backend/internal/server/routes/auth.go	78	auth-user
POST	/api/v1/sora/generate	h.SoraClient.Generate	backend/internal/server/routes/sora_client.go	26	auth-user
GET	/api/v1/sora/generations	h.SoraClient.ListGenerations	backend/internal/server/routes/sora_client.go	27	auth-user
DELETE	/api/v1/sora/generations/:id	h.SoraClient.DeleteGeneration	backend/internal/server/routes/sora_client.go	29	auth-user
GET	/api/v1/sora/generations/:id	h.SoraClient.GetGeneration	backend/internal/server/routes/sora_client.go	28	auth-user
POST	/api/v1/sora/generations/:id/cancel	h.SoraClient.CancelGeneration	backend/internal/server/routes/sora_client.go	30	auth-user
POST	/api/v1/sora/generations/:id/save	h.SoraClient.SaveToStorage	backend/internal/server/routes/sora_client.go	31	auth-user
GET	/api/v1/sora/models	h.SoraClient.GetModels	backend/internal/server/routes/sora_client.go	33	auth-user
GET	/api/v1/sora/quota	h.SoraClient.GetQuota	backend/internal/server/routes/sora_client.go	32	auth-user
GET	/api/v1/sora/storage-status	h.SoraClient.GetStorageStatus	backend/internal/server/routes/sora_client.go	34	auth-user
GET	/api/v1/subscriptions	h.Subscription.List	backend/internal/server/routes/user.go	88	auth-user
GET	/api/v1/subscriptions/active	h.Subscription.GetActive	backend/internal/server/routes/user.go	89	auth-user
GET	/api/v1/subscriptions/progress	h.Subscription.GetProgress	backend/internal/server/routes/user.go	90	auth-user
GET	/api/v1/subscriptions/summary	h.Subscription.GetSummary	backend/internal/server/routes/user.go	91	auth-user
GET	/api/v1/usage	h.Usage.List	backend/internal/server/routes/user.go	61	auth-user
GET	/api/v1/usage/:id	h.Usage.GetByID	backend/internal/server/routes/user.go	62	auth-user
POST	/api/v1/usage/dashboard/api-keys-usage	h.Usage.DashboardAPIKeysUsage	backend/internal/server/routes/user.go	68	auth-user
GET	/api/v1/usage/dashboard/models	h.Usage.DashboardModels	backend/internal/server/routes/user.go	67	auth-user
GET	/api/v1/usage/dashboard/stats	h.Usage.DashboardStats	backend/internal/server/routes/user.go	65	auth-user
GET	/api/v1/usage/dashboard/trend	h.Usage.DashboardTrend	backend/internal/server/routes/user.go	66	auth-user
GET	/api/v1/usage/stats	h.Usage.Stats	backend/internal/server/routes/user.go	63	auth-user
PUT	/api/v1/user	h.User.UpdateProfile	backend/internal/server/routes/user.go	27	auth-user
PUT	/api/v1/user/password	h.User.ChangePassword	backend/internal/server/routes/user.go	26	auth-user
GET	/api/v1/user/profile	h.User.GetProfile	backend/internal/server/routes/user.go	25	auth-user
POST	/api/v1/user/totp/disable	h.Totp.Disable	backend/internal/server/routes/user.go	37	auth-user
POST	/api/v1/user/totp/enable	h.Totp.Enable	backend/internal/server/routes/user.go	36	auth-user
POST	/api/v1/user/totp/send-code	h.Totp.SendVerifyCode	backend/internal/server/routes/user.go	34	auth-user
POST	/api/v1/user/totp/setup	h.Totp.InitiateSetup	backend/internal/server/routes/user.go	35	auth-user
GET	/api/v1/user/totp/status	h.Totp.GetStatus	backend/internal/server/routes/user.go	32	auth-user
GET	/api/v1/user/totp/verification-method	h.Totp.GetVerificationMethod	backend/internal/server/routes/user.go	33	auth-user
GET	/antigravity/models	h.Gateway.AntigravityModels	backend/internal/server/routes/gateway.go	103	gateway
POST	/antigravity/v1/messages	h.Gateway.Messages	backend/internal/server/routes/gateway.go	115	gateway
POST	/antigravity/v1/messages/count_tokens	h.Gateway.CountTokens	backend/internal/server/routes/gateway.go	116	gateway
GET	/antigravity/v1/models	h.Gateway.AntigravityModels	backend/internal/server/routes/gateway.go	117	gateway
GET	/antigravity/v1/usage	h.Gateway.Usage	backend/internal/server/routes/gateway.go	118	gateway
GET	/antigravity/v1beta/models	h.Gateway.GeminiV1BetaListModels	backend/internal/server/routes/gateway.go	130	gateway
GET	/antigravity/v1beta/models/:model	h.Gateway.GeminiV1BetaGetModel	backend/internal/server/routes/gateway.go	131	gateway
POST	/antigravity/v1beta/models/*modelAction	h.Gateway.GeminiV1BetaModels	backend/internal/server/routes/gateway.go	132	gateway
POST	/chat/completions	h.OpenAIGateway.ChatCompletions	backend/internal/server/routes/gateway.go	100	gateway
GET	/responses	h.OpenAIGateway.ResponsesWebSocket	backend/internal/server/routes/gateway.go	98	gateway
POST	/responses	h.OpenAIGateway.Responses	backend/internal/server/routes/gateway.go	96	gateway
POST	/responses/*subpath	h.OpenAIGateway.Responses	backend/internal/server/routes/gateway.go	97	gateway
GET	/sora/media-signed/*filepath	h.SoraGateway.MediaProxySigned	backend/internal/server/routes/gateway.go	156	gateway
GET	/sora/media/*filepath	h.SoraGateway.MediaProxy	backend/internal/server/routes/gateway.go	151	gateway
GET	/sora/media/*filepath	h.SoraGateway.MediaProxy	backend/internal/server/routes/gateway.go	153	gateway
POST	/sora/v1/chat/completions	h.SoraGateway.ChatCompletions	backend/internal/server/routes/gateway.go	145	gateway
GET	/sora/v1/models	h.Gateway.Models	backend/internal/server/routes/gateway.go	146	gateway
POST	/v1/chat/completions	h.OpenAIGateway.ChatCompletions	backend/internal/server/routes/gateway.go	77	gateway
POST	/v1/messages	inline route func	backend/internal/server/routes/gateway.go	49	gateway
POST	/v1/messages/count_tokens	inline route func	backend/internal/server/routes/gateway.go	57	gateway
GET	/v1/models	h.Gateway.Models	backend/internal/server/routes/gateway.go	70	gateway
GET	/v1/responses	h.OpenAIGateway.ResponsesWebSocket	backend/internal/server/routes/gateway.go	75	gateway
POST	/v1/responses	h.OpenAIGateway.Responses	backend/internal/server/routes/gateway.go	73	gateway
POST	/v1/responses/*subpath	h.OpenAIGateway.Responses	backend/internal/server/routes/gateway.go	74	gateway
GET	/v1/usage	h.Gateway.Usage	backend/internal/server/routes/gateway.go	71	gateway
GET	/v1beta/models	h.Gateway.GeminiV1BetaListModels	backend/internal/server/routes/gateway.go	89	gateway
GET	/v1beta/models/:model	h.Gateway.GeminiV1BetaGetModel	backend/internal/server/routes/gateway.go	90	gateway
POST	/v1beta/models/*modelAction	h.Gateway.GeminiV1BetaModels	backend/internal/server/routes/gateway.go	92	gateway
PUT	/api/v1/admin/api-keys/:id	h.Admin.APIKey.UpdateGroup	backend/internal/server/routes/admin.go	93	admin-core
POST	/api/v1/admin/dashboard/aggregation/backfill	h.Admin.Dashboard.BackfillAggregation	backend/internal/server/routes/admin.go	202	admin-core
GET	/api/v1/admin/dashboard/api-keys-trend	h.Admin.Dashboard.GetAPIKeyUsageTrend	backend/internal/server/routes/admin.go	196	admin-core
POST	/api/v1/admin/dashboard/api-keys-usage	h.Admin.Dashboard.GetBatchAPIKeysUsage	backend/internal/server/routes/admin.go	200	admin-core
GET	/api/v1/admin/dashboard/groups	h.Admin.Dashboard.GetGroupStats	backend/internal/server/routes/admin.go	195	admin-core
GET	/api/v1/admin/dashboard/models	h.Admin.Dashboard.GetModelStats	backend/internal/server/routes/admin.go	194	admin-core
GET	/api/v1/admin/dashboard/realtime	h.Admin.Dashboard.GetRealtimeMetrics	backend/internal/server/routes/admin.go	192	admin-core
GET	/api/v1/admin/dashboard/snapshot-v2	h.Admin.Dashboard.GetSnapshotV2	backend/internal/server/routes/admin.go	190	admin-core
GET	/api/v1/admin/dashboard/stats	h.Admin.Dashboard.GetStats	backend/internal/server/routes/admin.go	191	admin-core
GET	/api/v1/admin/dashboard/trend	h.Admin.Dashboard.GetUsageTrend	backend/internal/server/routes/admin.go	193	admin-core
GET	/api/v1/admin/dashboard/user-breakdown	h.Admin.Dashboard.GetUserBreakdown	backend/internal/server/routes/admin.go	201	admin-core
GET	/api/v1/admin/dashboard/users-ranking	h.Admin.Dashboard.GetUserSpendingRanking	backend/internal/server/routes/admin.go	198	admin-core
GET	/api/v1/admin/dashboard/users-trend	h.Admin.Dashboard.GetUserUsageTrend	backend/internal/server/routes/admin.go	197	admin-core
POST	/api/v1/admin/dashboard/users-usage	h.Admin.Dashboard.GetBatchUsersUsage	backend/internal/server/routes/admin.go	199	admin-core
GET	/api/v1/admin/groups	h.Admin.Group.List	backend/internal/server/routes/admin.go	228	admin-core
POST	/api/v1/admin/groups	h.Admin.Group.Create	backend/internal/server/routes/admin.go	232	admin-core
DELETE	/api/v1/admin/groups/:id	h.Admin.Group.Delete	backend/internal/server/routes/admin.go	234	admin-core
GET	/api/v1/admin/groups/:id	h.Admin.Group.GetByID	backend/internal/server/routes/admin.go	231	admin-core
PUT	/api/v1/admin/groups/:id	h.Admin.Group.Update	backend/internal/server/routes/admin.go	233	admin-core
GET	/api/v1/admin/groups/:id/api-keys	h.Admin.Group.GetGroupAPIKeys	backend/internal/server/routes/admin.go	239	admin-core
DELETE	/api/v1/admin/groups/:id/rate-multipliers	h.Admin.Group.ClearGroupRateMultipliers	backend/internal/server/routes/admin.go	238	admin-core
GET	/api/v1/admin/groups/:id/rate-multipliers	h.Admin.Group.GetGroupRateMultipliers	backend/internal/server/routes/admin.go	236	admin-core
PUT	/api/v1/admin/groups/:id/rate-multipliers	h.Admin.Group.BatchSetGroupRateMultipliers	backend/internal/server/routes/admin.go	237	admin-core
GET	/api/v1/admin/groups/:id/stats	h.Admin.Group.GetStats	backend/internal/server/routes/admin.go	235	admin-core
GET	/api/v1/admin/groups/:id/subscriptions	h.Admin.Subscription.ListByGroup	backend/internal/server/routes/admin.go	496	admin-core
GET	/api/v1/admin/groups/all	h.Admin.Group.GetAll	backend/internal/server/routes/admin.go	229	admin-core
PUT	/api/v1/admin/groups/sort-order	h.Admin.Group.UpdateSortOrder	backend/internal/server/routes/admin.go	230	admin-core
GET	/api/v1/admin/settings	h.Admin.Setting.GetSettings	backend/internal/server/routes/admin.go	395	admin-core
PUT	/api/v1/admin/settings	h.Admin.Setting.UpdateSettings	backend/internal/server/routes/admin.go	396	admin-core
DELETE	/api/v1/admin/settings/admin-api-key	h.Admin.Setting.DeleteAdminAPIKey	backend/internal/server/routes/admin.go	402	admin-core
GET	/api/v1/admin/settings/admin-api-key	h.Admin.Setting.GetAdminAPIKey	backend/internal/server/routes/admin.go	400	admin-core
POST	/api/v1/admin/settings/admin-api-key/regenerate	h.Admin.Setting.RegenerateAdminAPIKey	backend/internal/server/routes/admin.go	401	admin-core
GET	/api/v1/admin/settings/beta-policy	h.Admin.Setting.GetBetaPolicySettings	backend/internal/server/routes/admin.go	410	admin-core
PUT	/api/v1/admin/settings/beta-policy	h.Admin.Setting.UpdateBetaPolicySettings	backend/internal/server/routes/admin.go	411	admin-core
GET	/api/v1/admin/settings/rectifier	h.Admin.Setting.GetRectifierSettings	backend/internal/server/routes/admin.go	407	admin-core
PUT	/api/v1/admin/settings/rectifier	h.Admin.Setting.UpdateRectifierSettings	backend/internal/server/routes/admin.go	408	admin-core
POST	/api/v1/admin/settings/send-test-email	h.Admin.Setting.SendTestEmail	backend/internal/server/routes/admin.go	398	admin-core
GET	/api/v1/admin/settings/sora-s3	h.Admin.Setting.GetSoraS3Settings	backend/internal/server/routes/admin.go	413	admin-core
PUT	/api/v1/admin/settings/sora-s3	h.Admin.Setting.UpdateSoraS3Settings	backend/internal/server/routes/admin.go	414	admin-core
GET	/api/v1/admin/settings/sora-s3/profiles	h.Admin.Setting.ListSoraS3Profiles	backend/internal/server/routes/admin.go	416	admin-core
POST	/api/v1/admin/settings/sora-s3/profiles	h.Admin.Setting.CreateSoraS3Profile	backend/internal/server/routes/admin.go	417	admin-core
DELETE	/api/v1/admin/settings/sora-s3/profiles/:profile_id	h.Admin.Setting.DeleteSoraS3Profile	backend/internal/server/routes/admin.go	419	admin-core
PUT	/api/v1/admin/settings/sora-s3/profiles/:profile_id	h.Admin.Setting.UpdateSoraS3Profile	backend/internal/server/routes/admin.go	418	admin-core
POST	/api/v1/admin/settings/sora-s3/profiles/:profile_id/activate	h.Admin.Setting.SetActiveSoraS3Profile	backend/internal/server/routes/admin.go	420	admin-core
POST	/api/v1/admin/settings/sora-s3/test	h.Admin.Setting.TestSoraS3Connection	backend/internal/server/routes/admin.go	415	admin-core
GET	/api/v1/admin/settings/stream-timeout	h.Admin.Setting.GetStreamTimeoutSettings	backend/internal/server/routes/admin.go	404	admin-core
PUT	/api/v1/admin/settings/stream-timeout	h.Admin.Setting.UpdateStreamTimeoutSettings	backend/internal/server/routes/admin.go	405	admin-core
POST	/api/v1/admin/settings/test-smtp	h.Admin.Setting.TestSMTPConnection	backend/internal/server/routes/admin.go	397	admin-core
GET	/api/v1/admin/subscriptions	h.Admin.Subscription.List	backend/internal/server/routes/admin.go	485	admin-core
DELETE	/api/v1/admin/subscriptions/:id	h.Admin.Subscription.Revoke	backend/internal/server/routes/admin.go	492	admin-core
GET	/api/v1/admin/subscriptions/:id	h.Admin.Subscription.GetByID	backend/internal/server/routes/admin.go	486	admin-core
POST	/api/v1/admin/subscriptions/:id/extend	h.Admin.Subscription.Extend	backend/internal/server/routes/admin.go	490	admin-core
GET	/api/v1/admin/subscriptions/:id/progress	h.Admin.Subscription.GetProgress	backend/internal/server/routes/admin.go	487	admin-core
POST	/api/v1/admin/subscriptions/:id/reset-quota	h.Admin.Subscription.ResetQuota	backend/internal/server/routes/admin.go	491	admin-core
POST	/api/v1/admin/subscriptions/assign	h.Admin.Subscription.Assign	backend/internal/server/routes/admin.go	488	admin-core
POST	/api/v1/admin/subscriptions/bulk-assign	h.Admin.Subscription.BulkAssign	backend/internal/server/routes/admin.go	489	admin-core
GET	/api/v1/admin/users	h.Admin.User.List	backend/internal/server/routes/admin.go	209	admin-core
POST	/api/v1/admin/users	h.Admin.User.Create	backend/internal/server/routes/admin.go	211	admin-core
DELETE	/api/v1/admin/users/:id	h.Admin.User.Delete	backend/internal/server/routes/admin.go	213	admin-core
GET	/api/v1/admin/users/:id	h.Admin.User.GetByID	backend/internal/server/routes/admin.go	210	admin-core
PUT	/api/v1/admin/users/:id	h.Admin.User.Update	backend/internal/server/routes/admin.go	212	admin-core
GET	/api/v1/admin/users/:id/api-keys	h.Admin.User.GetUserAPIKeys	backend/internal/server/routes/admin.go	215	admin-core
GET	/api/v1/admin/users/:id/attributes	h.Admin.UserAttribute.GetUserAttributes	backend/internal/server/routes/admin.go	220	admin-core
PUT	/api/v1/admin/users/:id/attributes	h.Admin.UserAttribute.UpdateUserAttributes	backend/internal/server/routes/admin.go	221	admin-core
POST	/api/v1/admin/users/:id/balance	h.Admin.User.UpdateBalance	backend/internal/server/routes/admin.go	214	admin-core
GET	/api/v1/admin/users/:id/balance-history	h.Admin.User.GetBalanceHistory	backend/internal/server/routes/admin.go	217	admin-core
GET	/api/v1/admin/users/:id/subscriptions	h.Admin.Subscription.ListByUser	backend/internal/server/routes/admin.go	499	admin-core
GET	/api/v1/admin/users/:id/usage	h.Admin.User.GetUserUsage	backend/internal/server/routes/admin.go	216	admin-core
GET	/api/v1/admin/accounts	h.Admin.Account.List	backend/internal/server/routes/admin.go	246	admin-accounts
POST	/api/v1/admin/accounts	h.Admin.Account.Create	backend/internal/server/routes/admin.go	248	admin-accounts
DELETE	/api/v1/admin/accounts/:id	h.Admin.Account.Delete	backend/internal/server/routes/admin.go	253	admin-accounts
GET	/api/v1/admin/accounts/:id	h.Admin.Account.GetByID	backend/internal/server/routes/admin.go	247	admin-accounts
PUT	/api/v1/admin/accounts/:id	h.Admin.Account.Update	backend/internal/server/routes/admin.go	252	admin-accounts
POST	/api/v1/admin/accounts/:id/clear-error	h.Admin.Account.ClearError	backend/internal/server/routes/admin.go	259	admin-accounts
POST	/api/v1/admin/accounts/:id/clear-rate-limit	h.Admin.Account.ClearRateLimit	backend/internal/server/routes/admin.go	263	admin-accounts
GET	/api/v1/admin/accounts/:id/models	h.Admin.Account.GetAvailableModels	backend/internal/server/routes/admin.go	268	admin-accounts
POST	/api/v1/admin/accounts/:id/recover-state	h.Admin.Account.RecoverState	backend/internal/server/routes/admin.go	255	admin-accounts
POST	/api/v1/admin/accounts/:id/refresh	h.Admin.Account.Refresh	backend/internal/server/routes/admin.go	256	admin-accounts
POST	/api/v1/admin/accounts/:id/refresh-tier	h.Admin.Account.RefreshTier	backend/internal/server/routes/admin.go	257	admin-accounts
POST	/api/v1/admin/accounts/:id/reset-quota	h.Admin.Account.ResetQuota	backend/internal/server/routes/admin.go	264	admin-accounts
POST	/api/v1/admin/accounts/:id/schedulable	h.Admin.Account.SetSchedulable	backend/internal/server/routes/admin.go	267	admin-accounts
GET	/api/v1/admin/accounts/:id/scheduled-test-plans	h.Admin.ScheduledTest.ListByAccount	backend/internal/server/routes/admin.go	536	admin-accounts
GET	/api/v1/admin/accounts/:id/stats	h.Admin.Account.GetStats	backend/internal/server/routes/admin.go	258	admin-accounts
DELETE	/api/v1/admin/accounts/:id/temp-unschedulable	h.Admin.Account.ClearTempUnschedulable	backend/internal/server/routes/admin.go	266	admin-accounts
GET	/api/v1/admin/accounts/:id/temp-unschedulable	h.Admin.Account.GetTempUnschedulable	backend/internal/server/routes/admin.go	265	admin-accounts
POST	/api/v1/admin/accounts/:id/test	h.Admin.Account.Test	backend/internal/server/routes/admin.go	254	admin-accounts
GET	/api/v1/admin/accounts/:id/today-stats	h.Admin.Account.GetTodayStats	backend/internal/server/routes/admin.go	261	admin-accounts
GET	/api/v1/admin/accounts/:id/usage	h.Admin.Account.GetUsage	backend/internal/server/routes/admin.go	260	admin-accounts
GET	/api/v1/admin/accounts/antigravity/default-model-mapping	h.Admin.Account.GetAntigravityDefaultModelMapping	backend/internal/server/routes/admin.go	279	admin-accounts
POST	/api/v1/admin/accounts/batch	h.Admin.Account.BatchCreate	backend/internal/server/routes/admin.go	269	admin-accounts
POST	/api/v1/admin/accounts/batch-clear-error	h.Admin.Account.BatchClearError	backend/internal/server/routes/admin.go	275	admin-accounts
POST	/api/v1/admin/accounts/batch-refresh	h.Admin.Account.BatchRefresh	backend/internal/server/routes/admin.go	276	admin-accounts
POST	/api/v1/admin/accounts/batch-refresh-tier	h.Admin.Account.BatchRefreshTier	backend/internal/server/routes/admin.go	273	admin-accounts
POST	/api/v1/admin/accounts/batch-update-credentials	h.Admin.Account.BatchUpdateCredentials	backend/internal/server/routes/admin.go	272	admin-accounts
POST	/api/v1/admin/accounts/bulk-update	h.Admin.Account.BulkUpdate	backend/internal/server/routes/admin.go	274	admin-accounts
POST	/api/v1/admin/accounts/check-mixed-channel	h.Admin.Account.CheckMixedChannel	backend/internal/server/routes/admin.go	249	admin-accounts
POST	/api/v1/admin/accounts/cookie-auth	h.Admin.OAuth.CookieAuth	backend/internal/server/routes/admin.go	286	admin-accounts
GET	/api/v1/admin/accounts/data	h.Admin.Account.ExportData	backend/internal/server/routes/admin.go	270	admin-accounts
POST	/api/v1/admin/accounts/data	h.Admin.Account.ImportData	backend/internal/server/routes/admin.go	271	admin-accounts
POST	/api/v1/admin/accounts/exchange-code	h.Admin.OAuth.ExchangeCode	backend/internal/server/routes/admin.go	284	admin-accounts
POST	/api/v1/admin/accounts/exchange-setup-token-code	h.Admin.OAuth.ExchangeSetupTokenCode	backend/internal/server/routes/admin.go	285	admin-accounts
POST	/api/v1/admin/accounts/generate-auth-url	h.Admin.OAuth.GenerateAuthURL	backend/internal/server/routes/admin.go	282	admin-accounts
POST	/api/v1/admin/accounts/generate-setup-token-url	h.Admin.OAuth.GenerateSetupTokenURL	backend/internal/server/routes/admin.go	283	admin-accounts
POST	/api/v1/admin/accounts/setup-token-cookie-auth	h.Admin.OAuth.SetupTokenCookieAuth	backend/internal/server/routes/admin.go	287	admin-accounts
POST	/api/v1/admin/accounts/sync/crs	h.Admin.Account.SyncFromCRS	backend/internal/server/routes/admin.go	250	admin-accounts
POST	/api/v1/admin/accounts/sync/crs/preview	h.Admin.Account.PreviewFromCRS	backend/internal/server/routes/admin.go	251	admin-accounts
POST	/api/v1/admin/accounts/today-stats/batch	h.Admin.Account.GetBatchTodayStats	backend/internal/server/routes/admin.go	262	admin-accounts
POST	/api/v1/admin/antigravity/oauth/auth-url	h.Admin.AntigravityOAuth.GenerateAuthURL	backend/internal/server/routes/admin.go	339	admin-accounts
POST	/api/v1/admin/antigravity/oauth/exchange-code	h.Admin.AntigravityOAuth.ExchangeCode	backend/internal/server/routes/admin.go	340	admin-accounts
POST	/api/v1/admin/antigravity/oauth/refresh-token	h.Admin.AntigravityOAuth.RefreshToken	backend/internal/server/routes/admin.go	341	admin-accounts
POST	/api/v1/admin/gemini/oauth/auth-url	h.Admin.GeminiOAuth.GenerateAuthURL	backend/internal/server/routes/admin.go	330	admin-accounts
GET	/api/v1/admin/gemini/oauth/capabilities	h.Admin.GeminiOAuth.GetCapabilities	backend/internal/server/routes/admin.go	332	admin-accounts
POST	/api/v1/admin/gemini/oauth/exchange-code	h.Admin.GeminiOAuth.ExchangeCode	backend/internal/server/routes/admin.go	331	admin-accounts
POST	/api/v1/admin/openai/accounts/:id/refresh	h.Admin.OpenAIOAuth.RefreshAccountToken	backend/internal/server/routes/admin.go	309	admin-accounts
POST	/api/v1/admin/openai/create-from-oauth	h.Admin.OpenAIOAuth.CreateAccountFromOAuth	backend/internal/server/routes/admin.go	310	admin-accounts
POST	/api/v1/admin/openai/exchange-code	h.Admin.OpenAIOAuth.ExchangeCode	backend/internal/server/routes/admin.go	307	admin-accounts
POST	/api/v1/admin/openai/generate-auth-url	h.Admin.OpenAIOAuth.GenerateAuthURL	backend/internal/server/routes/admin.go	306	admin-accounts
POST	/api/v1/admin/openai/refresh-token	h.Admin.OpenAIOAuth.RefreshToken	backend/internal/server/routes/admin.go	308	admin-accounts
GET	/api/v1/admin/proxies	h.Admin.Proxy.List	backend/internal/server/routes/admin.go	348	admin-accounts
POST	/api/v1/admin/proxies	h.Admin.Proxy.Create	backend/internal/server/routes/admin.go	353	admin-accounts
DELETE	/api/v1/admin/proxies/:id	h.Admin.Proxy.Delete	backend/internal/server/routes/admin.go	355	admin-accounts
GET	/api/v1/admin/proxies/:id	h.Admin.Proxy.GetByID	backend/internal/server/routes/admin.go	352	admin-accounts
PUT	/api/v1/admin/proxies/:id	h.Admin.Proxy.Update	backend/internal/server/routes/admin.go	354	admin-accounts
GET	/api/v1/admin/proxies/:id/accounts	h.Admin.Proxy.GetProxyAccounts	backend/internal/server/routes/admin.go	359	admin-accounts
POST	/api/v1/admin/proxies/:id/quality-check	h.Admin.Proxy.CheckQuality	backend/internal/server/routes/admin.go	357	admin-accounts
GET	/api/v1/admin/proxies/:id/stats	h.Admin.Proxy.GetStats	backend/internal/server/routes/admin.go	358	admin-accounts
POST	/api/v1/admin/proxies/:id/test	h.Admin.Proxy.Test	backend/internal/server/routes/admin.go	356	admin-accounts
GET	/api/v1/admin/proxies/all	h.Admin.Proxy.GetAll	backend/internal/server/routes/admin.go	349	admin-accounts
POST	/api/v1/admin/proxies/batch	h.Admin.Proxy.BatchCreate	backend/internal/server/routes/admin.go	361	admin-accounts
POST	/api/v1/admin/proxies/batch-delete	h.Admin.Proxy.BatchDelete	backend/internal/server/routes/admin.go	360	admin-accounts
GET	/api/v1/admin/proxies/data	h.Admin.Proxy.ExportData	backend/internal/server/routes/admin.go	350	admin-accounts
POST	/api/v1/admin/proxies/data	h.Admin.Proxy.ImportData	backend/internal/server/routes/admin.go	351	admin-accounts
POST	/api/v1/admin/sora/accounts/:id/refresh	h.Admin.OpenAIOAuth.RefreshAccountToken	backend/internal/server/routes/admin.go	322	admin-accounts
POST	/api/v1/admin/sora/create-from-oauth	h.Admin.OpenAIOAuth.CreateAccountFromOAuth	backend/internal/server/routes/admin.go	323	admin-accounts
POST	/api/v1/admin/sora/exchange-code	h.Admin.OpenAIOAuth.ExchangeCode	backend/internal/server/routes/admin.go	318	admin-accounts
POST	/api/v1/admin/sora/generate-auth-url	h.Admin.OpenAIOAuth.GenerateAuthURL	backend/internal/server/routes/admin.go	317	admin-accounts
POST	/api/v1/admin/sora/refresh-token	h.Admin.OpenAIOAuth.RefreshToken	backend/internal/server/routes/admin.go	319	admin-accounts
POST	/api/v1/admin/sora/rt2at	h.Admin.OpenAIOAuth.RefreshToken	backend/internal/server/routes/admin.go	321	admin-accounts
POST	/api/v1/admin/sora/st2at	h.Admin.OpenAIOAuth.ExchangeSoraSessionToken	backend/internal/server/routes/admin.go	320	admin-accounts
GET	/api/v1/admin/ops/account-availability	h.Admin.Ops.GetAccountAvailability	backend/internal/server/routes/admin.go	103	admin-ops
GET	/api/v1/admin/ops/advanced-settings	h.Admin.Ops.GetAdvancedSettings	backend/internal/server/routes/admin.go	131	admin-ops
PUT	/api/v1/admin/ops/advanced-settings	h.Admin.Ops.UpdateAdvancedSettings	backend/internal/server/routes/admin.go	132	admin-ops
GET	/api/v1/admin/ops/alert-events	h.Admin.Ops.ListAlertEvents	backend/internal/server/routes/admin.go	111	admin-ops
GET	/api/v1/admin/ops/alert-events/:id	h.Admin.Ops.GetAlertEvent	backend/internal/server/routes/admin.go	112	admin-ops
PUT	/api/v1/admin/ops/alert-events/:id/status	h.Admin.Ops.UpdateAlertEventStatus	backend/internal/server/routes/admin.go	113	admin-ops
GET	/api/v1/admin/ops/alert-rules	h.Admin.Ops.ListAlertRules	backend/internal/server/routes/admin.go	107	admin-ops
POST	/api/v1/admin/ops/alert-rules	h.Admin.Ops.CreateAlertRule	backend/internal/server/routes/admin.go	108	admin-ops
DELETE	/api/v1/admin/ops/alert-rules/:id	h.Admin.Ops.DeleteAlertRule	backend/internal/server/routes/admin.go	110	admin-ops
PUT	/api/v1/admin/ops/alert-rules/:id	h.Admin.Ops.UpdateAlertRule	backend/internal/server/routes/admin.go	109	admin-ops
POST	/api/v1/admin/ops/alert-silences	h.Admin.Ops.CreateAlertSilence	backend/internal/server/routes/admin.go	114	admin-ops
GET	/api/v1/admin/ops/concurrency	h.Admin.Ops.GetConcurrencyStats	backend/internal/server/routes/admin.go	101	admin-ops
GET	/api/v1/admin/ops/dashboard/error-distribution	h.Admin.Ops.GetDashboardErrorDistribution	backend/internal/server/routes/admin.go	182	admin-ops
GET	/api/v1/admin/ops/dashboard/error-trend	h.Admin.Ops.GetDashboardErrorTrend	backend/internal/server/routes/admin.go	181	admin-ops
GET	/api/v1/admin/ops/dashboard/latency-histogram	h.Admin.Ops.GetDashboardLatencyHistogram	backend/internal/server/routes/admin.go	180	admin-ops
GET	/api/v1/admin/ops/dashboard/openai-token-stats	h.Admin.Ops.GetDashboardOpenAITokenStats	backend/internal/server/routes/admin.go	183	admin-ops
GET	/api/v1/admin/ops/dashboard/overview	h.Admin.Ops.GetDashboardOverview	backend/internal/server/routes/admin.go	178	admin-ops
GET	/api/v1/admin/ops/dashboard/snapshot-v2	h.Admin.Ops.GetDashboardSnapshotV2	backend/internal/server/routes/admin.go	177	admin-ops
GET	/api/v1/admin/ops/dashboard/throughput-trend	h.Admin.Ops.GetDashboardThroughputTrend	backend/internal/server/routes/admin.go	179	admin-ops
GET	/api/v1/admin/ops/email-notification/config	h.Admin.Ops.GetEmailNotificationConfig	backend/internal/server/routes/admin.go	117	admin-ops
PUT	/api/v1/admin/ops/email-notification/config	h.Admin.Ops.UpdateEmailNotificationConfig	backend/internal/server/routes/admin.go	118	admin-ops
GET	/api/v1/admin/ops/errors	h.Admin.Ops.GetErrorLogs	backend/internal/server/routes/admin.go	148	admin-ops
GET	/api/v1/admin/ops/errors/:id	h.Admin.Ops.GetErrorLogByID	backend/internal/server/routes/admin.go	149	admin-ops
PUT	/api/v1/admin/ops/errors/:id/resolve	h.Admin.Ops.UpdateErrorResolution	backend/internal/server/routes/admin.go	152	admin-ops
GET	/api/v1/admin/ops/errors/:id/retries	h.Admin.Ops.ListRetryAttempts	backend/internal/server/routes/admin.go	150	admin-ops
POST	/api/v1/admin/ops/errors/:id/retry	h.Admin.Ops.RetryErrorRequest	backend/internal/server/routes/admin.go	151	admin-ops
GET	/api/v1/admin/ops/realtime-traffic	h.Admin.Ops.GetRealtimeTrafficSummary	backend/internal/server/routes/admin.go	104	admin-ops
GET	/api/v1/admin/ops/request-errors	h.Admin.Ops.ListRequestErrors	backend/internal/server/routes/admin.go	155	admin-ops
GET	/api/v1/admin/ops/request-errors/:id	h.Admin.Ops.GetRequestError	backend/internal/server/routes/admin.go	156	admin-ops
PUT	/api/v1/admin/ops/request-errors/:id/resolve	h.Admin.Ops.ResolveRequestError	backend/internal/server/routes/admin.go	160	admin-ops
POST	/api/v1/admin/ops/request-errors/:id/retry-client	h.Admin.Ops.RetryRequestErrorClient	backend/internal/server/routes/admin.go	158	admin-ops
GET	/api/v1/admin/ops/request-errors/:id/upstream-errors	h.Admin.Ops.ListRequestErrorUpstreamErrors	backend/internal/server/routes/admin.go	157	admin-ops
POST	/api/v1/admin/ops/request-errors/:id/upstream-errors/:idx/retry	h.Admin.Ops.RetryRequestErrorUpstreamEvent	backend/internal/server/routes/admin.go	159	admin-ops
GET	/api/v1/admin/ops/requests	h.Admin.Ops.ListRequestDetails	backend/internal/server/routes/admin.go	169	admin-ops
GET	/api/v1/admin/ops/runtime/alert	h.Admin.Ops.GetAlertRuntimeSettings	backend/internal/server/routes/admin.go	123	admin-ops
PUT	/api/v1/admin/ops/runtime/alert	h.Admin.Ops.UpdateAlertRuntimeSettings	backend/internal/server/routes/admin.go	124	admin-ops
GET	/api/v1/admin/ops/runtime/logging	h.Admin.Ops.GetRuntimeLogConfig	backend/internal/server/routes/admin.go	125	admin-ops
PUT	/api/v1/admin/ops/runtime/logging	h.Admin.Ops.UpdateRuntimeLogConfig	backend/internal/server/routes/admin.go	126	admin-ops
POST	/api/v1/admin/ops/runtime/logging/reset	h.Admin.Ops.ResetRuntimeLogConfig	backend/internal/server/routes/admin.go	127	admin-ops
GET	/api/v1/admin/ops/settings/metric-thresholds	h.Admin.Ops.GetMetricThresholds	backend/internal/server/routes/admin.go	137	admin-ops
PUT	/api/v1/admin/ops/settings/metric-thresholds	h.Admin.Ops.UpdateMetricThresholds	backend/internal/server/routes/admin.go	138	admin-ops
GET	/api/v1/admin/ops/system-logs	h.Admin.Ops.ListSystemLogs	backend/internal/server/routes/admin.go	172	admin-ops
POST	/api/v1/admin/ops/system-logs/cleanup	h.Admin.Ops.CleanupSystemLogs	backend/internal/server/routes/admin.go	173	admin-ops
GET	/api/v1/admin/ops/system-logs/health	h.Admin.Ops.GetSystemLogIngestionHealth	backend/internal/server/routes/admin.go	174	admin-ops
GET	/api/v1/admin/ops/upstream-errors	h.Admin.Ops.ListUpstreamErrors	backend/internal/server/routes/admin.go	163	admin-ops
GET	/api/v1/admin/ops/upstream-errors/:id	h.Admin.Ops.GetUpstreamError	backend/internal/server/routes/admin.go	164	admin-ops
PUT	/api/v1/admin/ops/upstream-errors/:id/resolve	h.Admin.Ops.ResolveUpstreamError	backend/internal/server/routes/admin.go	166	admin-ops
POST	/api/v1/admin/ops/upstream-errors/:id/retry	h.Admin.Ops.RetryUpstreamError	backend/internal/server/routes/admin.go	165	admin-ops
GET	/api/v1/admin/ops/user-concurrency	h.Admin.Ops.GetUserConcurrencyStats	backend/internal/server/routes/admin.go	102	admin-ops
GET	/api/v1/admin/ops/ws/qps	h.Admin.Ops.QPSWSHandler	backend/internal/server/routes/admin.go	144	admin-ops
GET	/api/v1/admin/announcements	h.Admin.Announcement.List	backend/internal/server/routes/admin.go	294	admin-misc
POST	/api/v1/admin/announcements	h.Admin.Announcement.Create	backend/internal/server/routes/admin.go	295	admin-misc
DELETE	/api/v1/admin/announcements/:id	h.Admin.Announcement.Delete	backend/internal/server/routes/admin.go	298	admin-misc
GET	/api/v1/admin/announcements/:id	h.Admin.Announcement.GetByID	backend/internal/server/routes/admin.go	296	admin-misc
PUT	/api/v1/admin/announcements/:id	h.Admin.Announcement.Update	backend/internal/server/routes/admin.go	297	admin-misc
GET	/api/v1/admin/announcements/:id/read-status	h.Admin.Announcement.ListReadStatus	backend/internal/server/routes/admin.go	299	admin-misc
GET	/api/v1/admin/backups	h.Admin.Backup.ListBackups	backend/internal/server/routes/admin.go	461	admin-misc
POST	/api/v1/admin/backups	h.Admin.Backup.CreateBackup	backend/internal/server/routes/admin.go	460	admin-misc
DELETE	/api/v1/admin/backups/:id	h.Admin.Backup.DeleteBackup	backend/internal/server/routes/admin.go	463	admin-misc
GET	/api/v1/admin/backups/:id	h.Admin.Backup.GetBackup	backend/internal/server/routes/admin.go	462	admin-misc
GET	/api/v1/admin/backups/:id/download-url	h.Admin.Backup.GetDownloadURL	backend/internal/server/routes/admin.go	464	admin-misc
POST	/api/v1/admin/backups/:id/restore	h.Admin.Backup.RestoreBackup	backend/internal/server/routes/admin.go	467	admin-misc
GET	/api/v1/admin/backups/s3-config	h.Admin.Backup.GetS3Config	backend/internal/server/routes/admin.go	451	admin-misc
PUT	/api/v1/admin/backups/s3-config	h.Admin.Backup.UpdateS3Config	backend/internal/server/routes/admin.go	452	admin-misc
POST	/api/v1/admin/backups/s3-config/test	h.Admin.Backup.TestS3Connection	backend/internal/server/routes/admin.go	453	admin-misc
GET	/api/v1/admin/backups/schedule	h.Admin.Backup.GetSchedule	backend/internal/server/routes/admin.go	456	admin-misc
PUT	/api/v1/admin/backups/schedule	h.Admin.Backup.UpdateSchedule	backend/internal/server/routes/admin.go	457	admin-misc
GET	/api/v1/admin/data-management/agent/health	h.Admin.DataManagement.GetAgentHealth	backend/internal/server/routes/admin.go	427	admin-misc
GET	/api/v1/admin/data-management/backups	h.Admin.DataManagement.ListBackupJobs	backend/internal/server/routes/admin.go	442	admin-misc
POST	/api/v1/admin/data-management/backups	h.Admin.DataManagement.CreateBackupJob	backend/internal/server/routes/admin.go	441	admin-misc
GET	/api/v1/admin/data-management/backups/:job_id	h.Admin.DataManagement.GetBackupJob	backend/internal/server/routes/admin.go	443	admin-misc
GET	/api/v1/admin/data-management/config	h.Admin.DataManagement.GetConfig	backend/internal/server/routes/admin.go	428	admin-misc
PUT	/api/v1/admin/data-management/config	h.Admin.DataManagement.UpdateConfig	backend/internal/server/routes/admin.go	429	admin-misc
GET	/api/v1/admin/data-management/s3/profiles	h.Admin.DataManagement.ListS3Profiles	backend/internal/server/routes/admin.go	436	admin-misc
POST	/api/v1/admin/data-management/s3/profiles	h.Admin.DataManagement.CreateS3Profile	backend/internal/server/routes/admin.go	437	admin-misc
DELETE	/api/v1/admin/data-management/s3/profiles/:profile_id	h.Admin.DataManagement.DeleteS3Profile	backend/internal/server/routes/admin.go	439	admin-misc
PUT	/api/v1/admin/data-management/s3/profiles/:profile_id	h.Admin.DataManagement.UpdateS3Profile	backend/internal/server/routes/admin.go	438	admin-misc
POST	/api/v1/admin/data-management/s3/profiles/:profile_id/activate	h.Admin.DataManagement.SetActiveS3Profile	backend/internal/server/routes/admin.go	440	admin-misc
POST	/api/v1/admin/data-management/s3/test	h.Admin.DataManagement.TestS3	backend/internal/server/routes/admin.go	435	admin-misc
GET	/api/v1/admin/data-management/sources/:source_type/profiles	h.Admin.DataManagement.ListSourceProfiles	backend/internal/server/routes/admin.go	430	admin-misc
POST	/api/v1/admin/data-management/sources/:source_type/profiles	h.Admin.DataManagement.CreateSourceProfile	backend/internal/server/routes/admin.go	431	admin-misc
DELETE	/api/v1/admin/data-management/sources/:source_type/profiles/:profile_id	h.Admin.DataManagement.DeleteSourceProfile	backend/internal/server/routes/admin.go	433	admin-misc
PUT	/api/v1/admin/data-management/sources/:source_type/profiles/:profile_id	h.Admin.DataManagement.UpdateSourceProfile	backend/internal/server/routes/admin.go	432	admin-misc
POST	/api/v1/admin/data-management/sources/:source_type/profiles/:profile_id/activate	h.Admin.DataManagement.SetActiveSourceProfile	backend/internal/server/routes/admin.go	434	admin-misc
GET	/api/v1/admin/error-passthrough-rules	h.Admin.ErrorPassthrough.List	backend/internal/server/routes/admin.go	542	admin-misc
POST	/api/v1/admin/error-passthrough-rules	h.Admin.ErrorPassthrough.Create	backend/internal/server/routes/admin.go	544	admin-misc
DELETE	/api/v1/admin/error-passthrough-rules/:id	h.Admin.ErrorPassthrough.Delete	backend/internal/server/routes/admin.go	546	admin-misc
GET	/api/v1/admin/error-passthrough-rules/:id	h.Admin.ErrorPassthrough.GetByID	backend/internal/server/routes/admin.go	543	admin-misc
PUT	/api/v1/admin/error-passthrough-rules/:id	h.Admin.ErrorPassthrough.Update	backend/internal/server/routes/admin.go	545	admin-misc
GET	/api/v1/admin/promo-codes	h.Admin.Promo.List	backend/internal/server/routes/admin.go	383	admin-misc
POST	/api/v1/admin/promo-codes	h.Admin.Promo.Create	backend/internal/server/routes/admin.go	385	admin-misc
DELETE	/api/v1/admin/promo-codes/:id	h.Admin.Promo.Delete	backend/internal/server/routes/admin.go	387	admin-misc
GET	/api/v1/admin/promo-codes/:id	h.Admin.Promo.GetByID	backend/internal/server/routes/admin.go	384	admin-misc
PUT	/api/v1/admin/promo-codes/:id	h.Admin.Promo.Update	backend/internal/server/routes/admin.go	386	admin-misc
GET	/api/v1/admin/promo-codes/:id/usages	h.Admin.Promo.GetUsages	backend/internal/server/routes/admin.go	388	admin-misc
GET	/api/v1/admin/redeem-codes	h.Admin.Redeem.List	backend/internal/server/routes/admin.go	368	admin-misc
DELETE	/api/v1/admin/redeem-codes/:id	h.Admin.Redeem.Delete	backend/internal/server/routes/admin.go	374	admin-misc
GET	/api/v1/admin/redeem-codes/:id	h.Admin.Redeem.GetByID	backend/internal/server/routes/admin.go	371	admin-misc
POST	/api/v1/admin/redeem-codes/:id/expire	h.Admin.Redeem.Expire	backend/internal/server/routes/admin.go	376	admin-misc
POST	/api/v1/admin/redeem-codes/batch-delete	h.Admin.Redeem.BatchDelete	backend/internal/server/routes/admin.go	375	admin-misc
POST	/api/v1/admin/redeem-codes/create-and-redeem	h.Admin.Redeem.CreateAndRedeem	backend/internal/server/routes/admin.go	372	admin-misc
GET	/api/v1/admin/redeem-codes/export	h.Admin.Redeem.Export	backend/internal/server/routes/admin.go	370	admin-misc
POST	/api/v1/admin/redeem-codes/generate	h.Admin.Redeem.Generate	backend/internal/server/routes/admin.go	373	admin-misc
GET	/api/v1/admin/redeem-codes/stats	h.Admin.Redeem.GetStats	backend/internal/server/routes/admin.go	369	admin-misc
POST	/api/v1/admin/scheduled-test-plans	h.Admin.ScheduledTest.Create	backend/internal/server/routes/admin.go	530	admin-misc
DELETE	/api/v1/admin/scheduled-test-plans/:id	h.Admin.ScheduledTest.Delete	backend/internal/server/routes/admin.go	532	admin-misc
PUT	/api/v1/admin/scheduled-test-plans/:id	h.Admin.ScheduledTest.Update	backend/internal/server/routes/admin.go	531	admin-misc
GET	/api/v1/admin/scheduled-test-plans/:id/results	h.Admin.ScheduledTest.ListResults	backend/internal/server/routes/admin.go	533	admin-misc
GET	/api/v1/admin/system/check-updates	h.Admin.System.CheckUpdates	backend/internal/server/routes/admin.go	475	admin-misc
POST	/api/v1/admin/system/restart	h.Admin.System.RestartService	backend/internal/server/routes/admin.go	478	admin-misc
POST	/api/v1/admin/system/rollback	h.Admin.System.Rollback	backend/internal/server/routes/admin.go	477	admin-misc
POST	/api/v1/admin/system/update	h.Admin.System.PerformUpdate	backend/internal/server/routes/admin.go	476	admin-misc
GET	/api/v1/admin/system/version	h.Admin.System.GetVersion	backend/internal/server/routes/admin.go	474	admin-misc
GET	/api/v1/admin/usage	h.Admin.Usage.List	backend/internal/server/routes/admin.go	505	admin-misc
GET	/api/v1/admin/usage/cleanup-tasks	h.Admin.Usage.ListCleanupTasks	backend/internal/server/routes/admin.go	509	admin-misc
POST	/api/v1/admin/usage/cleanup-tasks	h.Admin.Usage.CreateCleanupTask	backend/internal/server/routes/admin.go	510	admin-misc
POST	/api/v1/admin/usage/cleanup-tasks/:id/cancel	h.Admin.Usage.CancelCleanupTask	backend/internal/server/routes/admin.go	511	admin-misc
GET	/api/v1/admin/usage/search-api-keys	h.Admin.Usage.SearchAPIKeys	backend/internal/server/routes/admin.go	508	admin-misc
GET	/api/v1/admin/usage/search-users	h.Admin.Usage.SearchUsers	backend/internal/server/routes/admin.go	507	admin-misc
GET	/api/v1/admin/usage/stats	h.Admin.Usage.Stats	backend/internal/server/routes/admin.go	506	admin-misc
GET	/api/v1/admin/user-attributes	h.Admin.UserAttribute.ListDefinitions	backend/internal/server/routes/admin.go	518	admin-misc
POST	/api/v1/admin/user-attributes	h.Admin.UserAttribute.CreateDefinition	backend/internal/server/routes/admin.go	519	admin-misc
DELETE	/api/v1/admin/user-attributes/:id	h.Admin.UserAttribute.DeleteDefinition	backend/internal/server/routes/admin.go	523	admin-misc
PUT	/api/v1/admin/user-attributes/:id	h.Admin.UserAttribute.UpdateDefinition	backend/internal/server/routes/admin.go	522	admin-misc
POST	/api/v1/admin/user-attributes/batch	h.Admin.UserAttribute.GetBatchUserAttributes	backend/internal/server/routes/admin.go	520	admin-misc
PUT	/api/v1/admin/user-attributes/reorder	h.Admin.UserAttribute.ReorderDefinitions	backend/internal/server/routes/admin.go	521	admin-misc
